eV,H,He,Li,U1,U2,U3,U4,U5
1.038167939,0,0,0,0,0,0,0,0
1.051415793,0,0,0,0,0,0,0,0
1.064832701,0,0,0,0,0,0,0,0
1.078420819,0,0,0,0,0,0,0,0
1.092182333,0,0,0,0,0,0,0,0
1.106119454,0,0,0,0,0,0,0,0
1.120234425,0,0,0,0,0,0,0,0
1.134529513,0,0,0,0,0,0,0,0
1.149007019,0,0,0,0,0,0,0,0
1.163669269,0,0,0,0,0,0,0,0
1.178518621,0,0,0,0,0,0,0,0
1.193557462,0,0,0,0,0,0,0,0
1.208788211,0,0,0,0,0,0,0,0
1.224213317,0,0,0,0,0,0,0,0
1.23983526,0,0,0,0,0,0,0,0
1.255656551,0,0,0,0,0,0,0,0
1.271679734,0,0,0,0,0,0,0,0
1.287907386,0,0,0,0,0,0,0,0
1.304342116,0,0,0,0,0,0,0,0
1.320986567,0,0,0,0,0,0,0,0
1.337843413,0,0,0,0,0,0,0,0
1.354915367,0,0,0,0,0,0,0,0
1.372205172,0,0,0,0,0,0,0,0
1.38971561,0,0,0,0,0,0,0,0
1.407449494,0,0,0,0,0,0,0,0
1.425409677,0,0,0,0,0,0,0,0
1.443599046,0,0,0,0,0,0,0,0
1.462020526,0,0,0,0,0,0,0,0
1.480677079,0,0,0,0,0,0,0,0
1.499571705,0,0,0,0,0,0,0,0
1.518707441,0,0,0,0,0,0,0,0
1.538087365,0,0,0,0,0,0,0,0
1.557714591,0,0,0,0,0,0,0,0
1.577592277,0,0,0,0,0,0,0,0
1.597723619,0,0,0,0,0,0,0,0
1.618111852,0,0,0,0,0,0,0,0
1.638760255,0,0,0,0,0,0,0,0
1.659672149,0,0,0,0,0,0,0,0
1.680850895,0,0,0,0,0,0,0,0
1.702299899,0,0,0,0,0,0,0,0
1.724022609,0,0,0,0,0,0,0,0
1.746022518,0,0,0,0,0,0,0,0
1.768303164,0,0,0,0,0,0,0,0
1.790868129,0,0,0,0,0,0,0,0
1.813721041,0,0,0,0,0,0,0,0
1.836865574,0,0,0,0,0,0,0,0
1.860305451,0,0,0,0,0,0,0,0
1.884044438,0,0,0,0,0,0,0,0
1.908086354,0,0,0,0,0,0,0,0
1.932435065,0,0,0,0,0,0,0,0
1.957094484,0,0,0,0,0,0,0,0
1.982068578,0,0,0,0,0,0,0,0
2.00736136,0,0,0,0,0,0,0,0
2.032976899,0,0,0,0,0,0,0,0
2.058919313,0,0,0,0,0,0,0,0
2.085192773,0,0,0,0,0,0,0,0
2.111801503,0,0,0,0,0,0,0,0
2.138749781,0,0,0,0,0,0,0,0
2.166041942,0,0,0,0,0,0,0,0
2.193682372,0,0,0,0,0,0,0,0
2.221675516,0,0,0,0,0,0,0,0
2.250025876,0,0,0,0,0,0,0,0
2.278738008,0,0,0,0,0,0,0,0
2.30781653,0,0,0,0,0,0,0,0
2.337266118,0,0,0,0,0,0,0,0
2.367091506,0,0,0,0,0,0,0,0
2.39729749,0,0,0,0,0,0,0,0
2.427888926,0,0,0,0,0,0,0,0
2.458870733,0,0,0,0,0,0,0,0
2.490247894,0,0,8.031772737e-315,0,0,0,0,0
2.522025452,0,0,1.37E-304,0,0,0,0,0
2.554208517,0,0,1.58E-294,0,0,0,0,0
2.586802263,0,0,1.23E-284,0,0,0,0,0
2.619811932,0,0,6.50E-275,0,0,0,0,0
2.653242831,0,0,2.32E-265,0,0,0,0,0
2.687100335,0,0,5.63E-256,0,0,0,0,0
2.721389888,0,0,9.23E-247,0,0,0,0,0
2.756117002,0,0,1.02E-237,0,0,0,0,0
2.791287263,0,0,7.70E-229,0,0,0,0,0
2.826906325,0,0,3.92E-220,0,0,0,0,0
2.862979914,0,0,1.35E-211,0,0,0,0,0
2.899513831,0,0,3.15E-203,0,0,0,0,0
2.93651395,0,0,4.97E-195,0,0,0,0,0
2.97398622,0,0,5.31E-187,0,0,0,0,0
3.011936666,0,0,3.84E-179,0,0,0,0,0
3.050371391,0,0,1.88E-171,0,0,3.133778595e-314,0,0
3.089296573,0,0,6.24E-164,0,0,5.28E-304,0,0
3.128718472,0,0,1.40E-156,0,0,6.02E-294,0,0
3.168643426,0,0,2.13E-149,0,0,4.64E-284,0,0
3.209077855,0,0,2.19E-142,0,0,2.43E-274,0,0
3.250028259,0,0,1.53E-135,0,0,8.59E-265,0,0
3.291501222,0,0,7.21E-129,0,0,2.06E-255,0,0
3.333503415,0,0,2.30E-122,0,0,3.34E-246,0,1.2725446e-317
3.376041588,0,0,4.98E-116,0,0,3.66E-237,0,2.41E-307
3.419122583,0,0,7.29E-110,0,0,2.72E-228,0,3.09E-297
3.462753326,0,0,7.22E-104,0,0,1.37E-219,0,2.68E-287
3.506940833,0,0,4.84E-98,0,0,4.67E-211,0,1.57E-277
3.551692207,0,0,2.20E-92,0,0,1.08E-202,0,6.25E-268
3.597014644,0,0,6.77E-87,0,0,1.68E-194,0,1.68E-258
3.642915433,0,0,1.41E-81,0,0,1.78E-186,0,3.06E-249
3.689401952,0,0,1.99E-76,0,0,1.27E-178,0,3.78E-240
3.736481676,0,0,1.90E-71,0,0,6.16E-171,0,3.16E-231
3.784162175,0,0,1.22E-66,0,0,2.02E-163,0,1.78E-222
3.832451116,0,0,5.36E-62,0,0,4.49E-156,0,6.83E-214
3.881356262,0,0,1.59E-57,0,0,6.75E-149,1.15299003e-316,1.77E-205
3.930885477,0,0,3.18E-53,0,0,6.87E-142,2.10E-306,3.11E-197
3.981046724,0,0,4.32E-49,0,0,4.73E-135,2.60E-296,3.69E-189
4.031848069,0,0,3.97E-45,0,0,2.21E-128,2.18E-286,2.97E-181
4.08329768,0,0,2.47E-41,0,0,6.98E-122,1.23E-276,1.62E-173
4.13540383,0,0,1.04E-37,0,0,1.49E-115,4.73E-267,5.96E-166
4.188174895,0,0,2.96E-34,0,0,2.16E-109,1.23E-257,1.49E-158
4.241619362,0,0,5.72E-31,0,0,2.12E-103,2.16E-248,2.51E-151
4.295745822,0,0,7.48E-28,0,0,1.41E-97,2.57E-239,2.87E-144
4.35056298,0,0,6.62E-25,0,0,6.31E-92,2.07E-230,2.23E-137
4.406079649,0,0,3.96E-22,0,0,1.92E-86,1.13E-221,1.17E-130
4.462304754,0,0,1.61E-19,0,1.22972596615e-313,3.96E-81,4.16E-213,4.14E-124
4.519247338,0,0,4.41E-17,0,2.04E-303,5.51E-76,1.04E-204,9.95E-118
4.576916554,0,0,8.21E-15,0,2.29E-293,5.20E-71,1.76E-196,1.62E-111
4.635321675,0,0,1.03E-12,0,1.74E-283,3.33E-66,2.02E-188,1.78E-105
4.694472093,0,0,8.80E-11,0,8.94E-274,1.44E-61,1.57E-180,1.33E-99
4.754377317,0,0,5.08E-09,0,3.11E-264,4.21E-57,8.23E-173,6.72E-94
4.81504698,0,0,1.98E-07,0,7.34E-255,8.36E-53,2.92E-165,2.30E-88
4.876490837,0,0,5.24E-06,1.3e-322,1.17E-245,1.12E-48,7.04E-158,5.31E-83
4.938718766,0,0,9.38E-05,2.856563521337e-312,1.27E-236,1.02E-44,1.15E-150,8.32E-78
5.001740773,0,0,0.001136975,4.47E-302,9.26E-228,6.27E-41,1.27E-143,8.83E-73
5.065566992,0,0,0.009328436,4.73E-292,4.59E-219,2.61E-37,9.46E-137,6.34E-68
5.130207685,0,0,0.05181619,3.39E-282,1.54E-210,7.37E-34,4.78E-130,3.08E-63
5.195673244,0,0,0.194859235,1.64E-272,3.49E-202,1.41E-30,1.64E-123,1.01E-58
5.261974197,0,0,0.49610701,5.40E-263,5.37E-194,1.82E-27,3.80E-117,2.26E-54
5.329121202,0,0,0.855123008,1.20E-253,5.59E-186,1.59E-24,5.96E-111,3.41E-50
5.397125058,0,0,0.997885417,1.81E-244,3.94E-178,9.44E-22,6.33E-105,3.48E-46
5.465996697,0,0,0.788372773,1.84E-235,1.88E-170,3.79E-19,4.55E-99,2.41E-42
5.535747193,0,0,0.421678458,1.27E-226,6.06E-163,1.03E-16,2.22E-93,1.13E-38
5.606387762,0,0,0.152696847,5.94E-218,1.33E-155,1.89E-14,7.31E-88,3.57E-35
5.67792976,0,0,0.037434978,1.88E-209,1.96E-148,2.35E-12,1.63E-82,7.66E-32
5.750384692,0,0,0.006213323,4.02E-201,1.97E-141,1.98E-10,2.47E-77,1.11E-28
5.823764207,0,0,0.000698183,5.83E-193,1.33E-134,1.13E-08,2.52E-72,1.09E-25
5.898080103,0,0,5.31E-05,5.73E-185,6.12E-128,4.37E-07,1.75E-67,7.29E-23
5.97334433,0,0,2.74E-06,3.80E-177,1.90E-121,1.14E-05,8.19E-63,3.29E-20
6.049568989,0,0,9.54E-08,1.71E-169,4.01E-115,0.000202361,2.60E-58,1.00E-17
6.126766335,0,0,2.25E-09,5.21E-162,5.71E-109,0.002425603,5.59E-54,2.07E-15
6.204948781,0,0,3.60E-11,1.07E-154,5.51E-103,0.019683866,8.13E-50,2.90E-13
6.284128898,1.006670894e-314,0,3.89E-13,1.50E-147,3.60E-97,0.108143395,8.01E-46,2.74E-11
6.364319416,1.71E-304,0,2.85E-15,1.42E-140,1.59E-91,0.402242961,5.34E-42,1.76E-09
6.44553323,1.96E-294,0,1.41E-17,9.07E-134,4.77E-86,1.012921441,2.41E-38,7.64E-08
6.527783397,1.52E-284,0,4.75E-20,3.93E-127,9.66E-81,1.726879096,7.38E-35,2.24E-06
6.611083142,8.03E-275,0,1.08E-22,1.15E-120,1.33E-75,1.993182004,1.53E-31,4.46E-05
6.695445859,2.86E-265,0,1.66E-25,2.29E-114,1.23E-70,1.557509984,2.14E-28,0.000601223
6.780885111,6.90E-256,0,1.73E-28,3.08E-108,7.75E-66,0.823974132,2.03E-25,0.005482436
6.867414637,1.13E-246,0,1.22E-31,2.80E-102,3.30E-61,0.295117643,1.30E-22,0.033846255
6.955048349,1.25E-237,0,5.83E-35,1.73E-96,9.51E-57,0.071560873,5.67E-20,0.141464201
7.043800337,9.33E-229,0,1.89E-38,7.20E-91,1.86E-52,0.011747814,1.67E-17,0.400296077
7.133684872,4.73E-220,0,4.13E-42,2.03E-85,2.45E-48,0.001307408,3.32E-15,0.766858039
7.224716405,1.62E-211,0,6.12E-46,3.89E-80,2.19E-44,0.000133931,4.49E-13,0.99459775
7.316909573,3.77E-203,0,6.14E-50,5.03E-75,1.33E-40,0.000500831,4.10E-11,0.873330901
7.410279201,5.93E-195,0,4.17E-54,4.41E-70,5.45E-37,0.004664131,2.53E-09,0.519169342
7.504840299,6.32E-187,0,1.92E-58,2.62E-65,1.51E-33,0.02970152,1.06E-07,0.208947946
7.600608073,4.55E-179,0,5.97E-63,1.05E-60,2.84E-30,0.128056435,3.01E-06,0.056933257
7.69759792,2.22E-171,0,1.26E-67,2.86E-56,3.62E-27,0.373786019,5.77E-05,0.010502503
7.795825436,7.35E-164,0,1.80E-72,5.26E-52,3.12E-24,0.738658252,0.000749691,0.001311651
7.895306413,1.64E-156,0,1.73E-77,6.56E-48,1.82E-21,0.9882411,0.00659417,0.000110903
7.996056847,2.49E-149,0,1.13E-82,5.53E-44,7.18E-19,0.895119724,0.039267846,6.35E-06
8.098092938,2.55E-142,0,5.02E-88,3.16E-40,1.92E-16,0.548906279,0.158311659,3.42E-07
8.201431091,1.77E-135,0,1.51E-93,1.22E-36,3.47E-14,0.227884154,0.432103294,3.27E-06
8.306087921,8.33E-129,0,3.06E-99,3.20E-33,4.26E-12,0.064051442,0.798474611,7.54E-05
8.412080256,2.65E-122,0,4.20E-105,5.67E-30,3.53E-10,0.012188284,0.998926425,0.001176528
8.519425139,5.71E-116,0,3.91E-111,6.81E-27,1.98E-08,0.0015702,0.846066987,0.012434815
8.628139828,8.32E-110,0,2.46E-117,5.53E-24,7.54E-07,0.000136951,0.485148679,0.088976499
8.738241803,8.22E-104,0,1.05E-123,3.04E-21,1.94E-05,8.09E-06,0.188340541,0.431032649
8.849748768,5.49E-98,0,3.03E-130,1.13E-18,0.000338235,3.23E-07,0.049500733,1.413656453
8.962678652,2.49E-92,0,5.92E-137,2.86E-16,0.003990679,8.75E-09,0.00880802,3.138892551
9.077049611,7.62E-87,0,7.83E-144,4.88E-14,0.031876726,1.60E-10,0.00106107,4.71854255
9.192880035,1.58E-81,0,7.02E-151,5.64E-12,0.172384986,1.99E-12,8.65E-05,4.802176949
9.310188548,2.22E-76,0,4.25E-158,4.41E-10,0.631137554,1.67E-14,4.78E-06,3.308775479
9.428994011,2.11E-71,0,1.75E-165,2.34E-08,1.564398763,9.50E-17,1.79E-07,1.543459702
9.549315528,1.36E-66,0,4.86E-173,8.38E-07,2.625244528,3.66E-19,4.52E-09,0.487441104
9.671172443,5.92E-62,0,9.14E-181,2.04E-05,2.982571866,9.53E-22,7.75E-11,0.10421923
9.79458435,1.75E-57,0,1.16E-188,0.0003346,2.294092518,1.68E-24,8.98E-13,0.015085942
9.919571093,3.49E-53,0,1.00E-196,0.003723656,1.194620043,2.01E-27,7.06E-15,0.001478413
10.04615277,4.72E-49,0,5.86E-205,0.028055151,0.421160393,1.62E-30,3.75E-17,9.81E-05
10.17434972,4.32E-45,0,2.32E-213,0.143104888,0.100522691,8.89E-34,1.35E-19,4.41E-06
10.30418257,2.68E-41,0,6.21E-222,0.4941914,0.016243497,3.30E-37,3.29E-22,1.34E-07
10.4356722,1.12E-37,0,1.12E-230,1.155406366,0.001777026,8.27E-41,5.43E-25,2.76E-09
10.56883973,3.19E-34,0,1.38E-239,1.828829362,0.000131615,1.41E-44,6.08E-28,3.84E-11
10.7037066,6.14E-31,0,1.15E-248,1.959794218,6.60E-06,1.62E-48,1.46E-27,3.63E-13
10.84029447,7.99E-28,0,6.44E-258,1.421826535,2.24E-07,1.26E-52,1.41E-24,2.32E-15
10.97862531,7.04E-25,0,2.45E-267,0.698363632,5.15E-09,6.64E-57,9.25E-22,1.00E-17
11.11872136,4.20E-22,0,6.32E-277,0.232228476,8.01E-11,2.37E-61,4.11E-19,2.94E-20
11.26060515,1.70E-19,4.15e-322,1.10E-286,0.052281518,8.44E-13,5.72E-66,1.24E-16,5.82E-23
11.40429949,4.65E-17,9.36635115918e-312,1.30E-296,0.007968558,6.02E-15,9.37E-71,2.51E-14,7.81E-26
11.54982749,8.61E-15,1.44E-301,1.04E-306,0.000822262,2.91E-17,1.04E-75,3.47E-12,7.10E-29
11.69721254,1.08E-12,1.49E-291,5.645416e-317,5.74E-05,9.50E-20,7.78E-81,3.23E-10,4.37E-32
11.84647834,9.16E-11,1.05E-281,0,2.72E-06,2.10E-22,3.95E-86,2.04E-08,1.82E-35
11.9976489,5.27E-09,4.98E-272,0,8.70E-08,3.15E-25,1.36E-91,8.74E-07,5.13E-39
12.15074851,2.05E-07,1.61E-262,0,1.89E-09,3.20E-28,3.16E-97,2.53E-05,9.79E-43
12.30580179,5.40E-06,3.50E-253,0,2.77E-11,2.19E-31,4.98E-103,0.000496008,1.27E-46
12.46283368,9.62E-05,5.17E-244,0,2.75E-13,1.02E-34,5.31E-109,0.006582969,1.11E-50
12.62186942,0.00116209,5.17E-235,0,1.85E-15,3.21E-38,3.83E-115,0.059149813,6.56E-55
12.78293458,0.009499194,3.50E-226,0,8.43E-18,6.84E-42,1.87E-121,0.359818754,2.63E-59
12.94605507,0.052569367,1.60E-217,0,2.60E-20,9.88E-46,6.20E-128,1.481880118,7.14E-64
13.1112571,0.196959792,4.97E-209,0,5.42E-23,9.65E-50,1.39E-134,4.131818196,1.31E-68
13.27856724,0.499598661,1.04E-200,0,7.66E-26,6.38E-54,2.11E-141,7.799525698,1.63E-73
13.4480124,0.857953623,1.48E-192,0,7.33E-29,2.88E-58,2.16E-148,9.96767891,1.38E-78
13.61961981,0.99748234,1.43E-184,0,4.75E-32,6.90E-56,1.50E-155,8.624198472,7.85E-84
13.79341707,0.785137056,9.30E-177,0,2.08E-35,1.23E-51,7.08E-163,5.05175526,3.03E-89
13.96943212,0.418393175,4.10E-169,0,6.18E-39,1.48E-47,2.26E-170,2.003386389,7.93E-95
14.14769326,0.150946332,1.23E-161,0,1.24E-42,1.21E-43,4.87E-178,0.537880738,1.40E-100
14.32822916,0.036868833,2.48E-154,0,1.69E-46,6.66E-40,7.11E-186,0.097770114,1.68E-106
14.51106884,0.006096704,3.39E-147,0,2.59E-45,2.49E-36,7.03E-194,0.012031648,1.36E-112
14.6962417,0.000682542,3.14E-140,0,1.69E-41,6.29E-33,4.71E-202,0.001002404,7.49E-119
14.88377752,5.17E-05,1.97E-133,0,7.48E-38,1.08E-29,2.13E-210,5.65E-05,2.79E-125
15.07370644,2.65E-06,8.38E-127,0,2.24E-34,1.25E-26,5.65E-209,2.16E-06,7.02E-132
15.26605901,9.22E-08,2.41E-120,0,4.54E-31,9.81E-24,1.21E-200,5.58E-08,1.20E-138
15.46086615,2.17E-09,4.69E-114,0,6.23E-28,5.21E-21,1.75E-192,9.77E-10,1.38E-145
15.65815919,3.45E-11,6.18E-108,0,5.79E-25,1.88E-18,1.72E-184,1.16E-11,1.08E-152
15.85796985,3.72E-13,5.52E-102,0,3.64E-22,4.57E-16,1.14E-176,9.29E-14,5.70E-160
16.06033024,2.72E-15,3.33E-96,0,1.55E-19,7.54E-14,5.15E-169,5.04E-16,2.04E-167
16.26527292,1.34E-17,1.36E-90,0,4.47E-17,8.42E-12,1.57E-161,1.86E-18,4.95E-175
16.47283083,4.49E-20,3.78E-85,0,8.72E-15,6.36E-10,3.23E-154,4.62E-21,8.12E-183
16.68303735,1.02E-22,7.08E-80,0,1.15E-12,3.26E-08,4.51E-147,7.78E-24,9.03E-191
16.89592627,1.56E-25,8.99E-75,0,1.03E-10,1.13E-06,4.26E-140,8.88E-27,6.79E-199
17.11153182,1.62E-28,7.72E-70,0,6.25E-09,2.65E-05,2.73E-133,6.86E-30,3.46E-207
17.32988868,1.14E-31,4.49E-65,0,2.56E-07,0.000420443,1.18E-126,3.59E-33,1.19E-215
17.55103194,5.41E-35,1.77E-60,0,7.11E-06,0.004520626,3.47E-120,1.27E-36,2.78E-224
17.77499716,1.74E-38,4.72E-56,0,0.000133624,0.032907077,6.88E-114,3.05E-40,4.40E-233
18.00182037,3.80E-42,8.52E-52,0,0.001700329,0.16217312,9.25E-108,4.94E-44,4.71E-242
18.23153801,5.61E-46,1.04E-47,0,0.014648028,0.541087242,8.42E-102,5.43E-48,3.41E-251
18.46418704,5.61E-50,8.62E-44,0,0.085432717,1.222234593,5.19E-96,4.04E-52,1.44E-246
18.69980486,3.80E-54,4.83E-40,0,0.337340226,1.869135156,2.16E-90,2.03E-56,1.64E-237
18.93842935,1.74E-58,1.83E-36,0,0.901801391,1.935199295,6.11E-85,6.94E-61,1.26E-228
19.18009888,5.40E-63,4.70E-33,0,1.632121655,1.356467976,1.17E-79,1.60E-65,6.58E-220
19.4248523,1.13E-67,8.18E-30,0,1.99982968,0.643712955,1.51E-74,2.50E-70,2.32E-211
19.67272898,1.61E-72,9.62E-27,0,1.65894638,0.206811084,1.32E-69,2.65E-75,5.56E-203
19.92376876,1.55E-77,7.67E-24,0,0.931688093,0.044983602,7.86E-65,1.90E-80,8.99E-195
20.17801201,1.01E-82,4.14E-21,0,0.354248156,0.006624201,3.16E-60,9.20E-86,9.86E-187
20.43549961,4.46E-88,1.51E-18,0,0.091189221,0.000660407,8.58E-56,3.02E-91,7.31E-179
20.69627295,1.33E-93,3.73E-16,0,0.01589199,4.46E-05,1.58E-51,6.71E-97,3.67E-171
20.96037397,2.69E-99,6.25E-14,0,0.001875046,2.04E-06,1.97E-47,1.01E-102,1.25E-163
21.22784513,3.69E-105,7.09E-12,0,0.000149777,6.30E-08,1.66E-43,1.03E-108,2.88E-156
21.49872944,3.42E-111,5.44E-10,0,8.10E-06,1.32E-09,9.49E-40,7.10E-115,4.48E-149
21.77307045,2.14E-117,2.82E-08,0,2.97E-07,1.87E-11,3.67E-36,3.31E-121,4.73E-142
22.05091227,9.11E-124,9.93E-07,0,7.35E-09,1.80E-13,9.61E-33,1.05E-127,3.38E-135
22.33229957,2.62E-130,2.36E-05,0,1.23E-10,1.17E-15,1.70E-29,2.24E-134,1.63E-128
22.61727761,5.10E-137,0.000381144,0,1.40E-12,5.14E-18,2.05E-26,3.25E-141,5.35E-122
22.90589218,6.72E-144,0.004159398,0,1.08E-14,1.53E-20,1.66E-23,3.19E-148,1.19E-115
23.19818972,6.00E-151,0.03073056,0,5.61E-17,3.09E-23,9.14E-21,2.12E-155,1.78E-109
23.4942172,3.63E-158,0.153712546,0,1.98E-19,4.21E-26,3.40E-18,9.52E-163,1.81E-103
23.79402223,1.48E-165,0.520531504,0,4.72E-22,3.90E-29,8.58E-16,2.90E-170,1.24E-97
24.09765302,4.11E-173,1.193393258,0,7.63E-25,2.44E-32,1.47E-13,5.97E-178,5.80E-92
24.40515837,7.70E-181,1.852332716,0,8.35E-28,1.03E-35,1.69E-11,8.33E-186,1.83E-86
24.71658774,9.78E-189,1.946494905,0,6.19E-31,2.96E-39,1.32E-09,7.87E-194,3.90E-81
25.0319912,8.40E-197,1.384797918,2.47e-322,3.10E-34,5.76E-43,7.02E-08,5.03E-202,5.64E-76
25.35141946,4.89E-205,0.666988567,5.62901195418e-312,1.05E-37,7.57E-47,2.52E-06,2.18E-210,5.52E-71
25.67492388,1.93E-213,0.217494978,8.70E-302,2.42E-41,6.74E-51,6.11E-05,6.39E-219,3.66E-66
26.00255647,5.13E-222,0.048015221,9.11E-292,3.77E-45,4.06E-55,0.001004182,1.27E-227,1.64E-61
26.33436992,9.27E-231,0.007176414,6.46E-282,3.97E-49,1.66E-59,0.011174594,1.70E-236,4.98E-57
26.67041758,1.13E-239,0.000726164,3.10E-272,2.83E-53,4.57E-64,0.08418795,1.55E-245,1.02E-52
27.01075347,9.38E-249,4.97E-05,1.01E-262,1.37E-57,8.56E-69,0.42940488,9.54E-255,1.42E-48
27.35543232,5.25E-258,2.31E-06,2.21E-253,4.47E-62,1.08E-73,1.482801021,3.98E-264,1.34E-44
27.70450955,1.99E-267,7.24E-08,3.29E-244,9.88E-67,9.28E-79,3.466551313,1.12E-273,8.56E-41
28.05804128,5.12E-277,1.54E-09,3.32E-235,1.48E-71,5.39E-84,5.486700407,2.15E-283,3.70E-37
28.41608437,8.90E-287,2.22E-11,2.27E-226,1.50E-76,2.12E-89,5.879274224,2.78E-293,1.08E-33
28.77869636,1.05E-296,2.16E-13,1.05E-217,1.03E-81,5.63E-95,4.265157219,2.43E-303,2.14E-30
29.14593558,8.34E-307,1.42E-15,3.27E-209,4.80E-87,1.01E-100,2.094812845,1.4424766747e-313,2.87E-27
29.51786107,4.500585e-317,6.36E-18,6.93E-201,1.51E-92,1.24E-106,0.696553164,0,2.60E-24
29.89453262,0,1.92E-20,9.94E-193,3.22E-98,1.02E-112,0.156805816,0,1.60E-21
30.2760108,0,3.94E-23,9.65E-185,4.64E-104,5.70E-119,0.023898405,0,6.64E-19
30.66235695,0,5.46E-26,6.34E-177,4.53E-110,2.16E-125,0.002465895,0,1.87E-16
31.05363319,0,5.12E-29,2.82E-169,3.00E-116,5.52E-132,0.000172258,0,3.56E-14
31.44990242,0,3.25E-32,8.49E-162,1.34E-122,9.58E-139,8.15E-06,0,4.60E-12
31.85122837,0,1.40E-35,1.73E-154,4.07E-129,1.12E-145,2.61E-07,0,4.02E-10
32.25767556,0,4.07E-39,2.39E-147,8.35E-136,8.93E-153,5.65E-09,0,2.38E-08
32.66930934,0,8.03E-43,2.23E-140,1.16E-142,4.81E-160,8.30E-11,0,9.51E-07
33.08619589,0,1.07E-46,1.41E-133,1.09E-149,1.75E-167,8.24E-13,0,2.58E-05
33.50840226,0,9.68E-51,6.06E-127,6.95E-157,4.32E-175,5.55E-15,0,0.000473409
33.93599631,0,5.92E-55,1.76E-120,3.00E-164,7.21E-183,2.53E-17,0,0.005882356
34.36904681,0,2.45E-59,3.45E-114,8.74E-172,8.15E-191,7.79E-20,0,0.049484
34.80762338,0,6.87E-64,4.58E-108,1.73E-179,6.24E-199,1.63E-22,3.44e-321,0.281823456
35.25179653,0,1.30E-68,4.13E-102,2.31E-187,3.23E-207,2.30E-25,7.677809359537e-311,1.086646615
35.70163769,0,1.68E-73,2.51E-96,2.09E-195,1.13E-215,2.20E-28,1.16E-300,2.836601863
36.15721919,0,1.46E-78,1.04E-90,1.28E-203,2.69E-224,1.42E-31,1.18E-290,5.013110674
36.61861427,0,8.59E-84,2.90E-85,5.33E-212,4.33E-233,6.24E-35,8.17E-281,5.998118731
37.08589712,0,3.42E-89,5.48E-80,1.50E-220,4.71E-242,1.85E-38,3.82E-271,4.858717858
37.55914287,0,9.24E-95,7.01E-75,2.85E-229,3.47E-251,3.72E-42,1.21E-261,2.664570158
38.03842762,0,1.69E-100,6.07E-70,3.67E-238,1.73E-260,7.57E-46,2.60E-252,0.989307942
38.52382843,0,2.09E-106,3.56E-65,3.20E-247,5.85E-270,1.81E-42,3.77E-243,0.248676467
39.01542334,0,1.75E-112,1.42E-60,1.89E-256,1.34E-279,8.84E-39,3.71E-234,0.042319131
39.51329139,0,9.93E-119,3.81E-56,7.56E-266,2.07E-289,2.93E-35,2.47E-225,0.004875708
40.01751264,0,3.81E-125,6.93E-52,2.04E-275,2.17E-299,6.57E-32,1.11E-216,0.00038031
40.52816816,0,9.91E-132,8.54E-48,3.75E-285,0.00E+00,9.97E-29,3.39E-208,2.01E-05
41.04534005,0,1.74E-138,7.13E-44,4.65E-295,7.402e-320,1.02E-25,7.01E-200,7.18E-07
41.56911147,0,2.08E-145,4.03E-40,3.90E-305,0,7.13E-23,9.80E-192,1.74E-08
42.09956663,0,1.68E-152,1.54E-36,2.21871025e-315,0,3.36E-20,9.28E-184,2.85E-10
42.63679082,0,9.16E-160,3.99E-33,0,0,1.07E-17,5.94E-176,3.16E-12
43.18087042,0,3.39E-167,6.99E-30,0,0,2.31E-15,2.58E-168,2.37E-14
43.73189292,0,8.47E-175,8.30E-27,0,0,3.38E-13,7.58E-161,1.21E-16
44.2899469,0,1.44E-182,6.67E-24,0,0,3.35E-11,1.51E-153,4.15E-19
44.8551221,0,1.65E-190,3.63E-21,0,0,2.24E-09,2.03E-146,9.68E-22
45.42750939,0,1.28E-198,1.34E-18,0,0,1.02E-07,1.85E-139,1.53E-24
46.0072008,0,6.73E-207,3.33E-16,0,0,3.12E-06,1.14E-132,1.63E-27
46.59428954,0,2.40E-215,5.62E-14,0,0,6.49E-05,4.77E-126,1.18E-30
47.18887,0,5.78E-224,6.43E-12,0,0,0.000913994,1.35E-119,5.78E-34
47.79103778,0,9.42E-233,4.97E-10,0,0,0.008710102,2.58E-113,1.92E-37
48.4008897,0,1.04E-241,2.60E-08,0,0,0.056195567,3.35E-107,6.41E-38
49.01852382,0,7.79E-251,9.24E-07,0,0,0.245459433,2.94E-101,1.93E-34
49.64403945,0,3.94E-260,2.22E-05,0,0,0.725865666,1.75E-95,3.94E-31
50.27753716,0,1.35E-269,0.000360481,0,0,1.453220917,7.03E-90,5.45E-28
50.91911881,0,3.14E-279,0.00396707,0,0,1.969726295,1.91E-84,5.10E-25
51.56888756,0,4.93E-289,0.029556753,0,0,1.807502812,3.53E-79,3.23E-22
52.22694787,0,5.25E-299,0.149087914,0,0,1.122925483,4.41E-74,1.39E-19
52.89340556,0,0.00E+00,0.509128031,0,0,0.472304137,3.72E-69,4.03E-17
53.56836778,0,1.842e-319,1.177092075,0,0,0.134490442,2.13E-64,7.92E-15
54.25194307,0,0,1.842437309,0,0,0.025927458,8.26E-60,1.05E-12
54.94424132,0,0,1.952422752,0,0,0.003383976,2.17E-55,9.51E-11
55.64537385,0,0,1.400728152,0,0,0.000299015,3.85E-51,5.80E-09
56.35545339,0,0,0.680350504,0,0,1.79E-05,4.62E-47,2.40E-07
57.07459412,0,0,0.223722891,0,0,7.24E-07,3.76E-43,6.70E-06
57.80291166,0,0,0.049806611,0,0,1.99E-08,2.07E-39,0.000126874
58.54052311,0,0,0.007506931,0,0,3.69E-10,7.73E-36,0.001626378
59.28754708,0,0,0.000766014,0,0,4.63E-12,1.95E-32,0.01411465
60.04410367,0,0,5.29E-05,0,0,3.94E-14,3.34E-29,0.082931124
60.81031453,0,0,2.48E-06,0,0,2.27E-16,3.87E-26,0.329885963
61.58630286,0,0,7.84E-08,0,0,8.86E-19,3.03E-23,0.888400868
62.37219342,0,0,1.68E-09,0,4.890937322e-314,2.34E-21,1.61E-20,1.619768578
63.16811257,0,0,2.44E-11,0,8.33E-304,4.18E-24,5.77E-18,1.999382203
63.97418828,0,0,2.40E-13,0,9.59E-294,5.06E-27,1.40E-15,1.670850261
64.79055017,0,0,1.59E-15,0,7.49E-284,4.15E-30,2.31E-13,0.945318368
65.61732949,0,0,7.18E-18,0,3.95E-274,2.30E-33,2.58E-11,0.362090824
66.45465918,0,0,2.19E-20,0,1.41E-264,8.64E-37,1.94E-09,0.093897882
67.30267386,0,0,4.52E-23,0,3.42E-255,2.20E-40,9.94E-08,0.016485151
68.16150989,0,0,6.31E-26,0,5.61E-246,3.78E-44,3.44E-06,0.001959426
69.03130536,0,0,5.97E-29,0,6.23E-237,4.40E-48,8.05E-05,0.000157675
69.91220011,0,0,3.83E-32,0,4.68E-228,3.47E-52,0.00127583,8.59E-06
70.80433578,0,0,1.66E-35,0,2.38E-219,1.86E-56,0.013694018,3.17E-07
71.70785582,0,0,4.87E-39,0,8.19E-211,6.71E-61,0.099510259,7.91E-09
72.6229055,0,0,9.68E-43,0,1.91E-202,1.64E-65,0.489557463,1.34E-10
73.54963195,0,0,1.30E-46,0,3.02E-194,2.72E-70,1.630565886,1.53E-12
74.48818417,0,0,1.19E-50,0,3.22E-186,3.06E-75,3.676815904,1.19E-14
75.43871307,0,0,7.32E-55,0,2.33E-178,2.32E-80,5.613119342,6.22E-17
76.40137148,0,0,3.06E-59,0,1.14E-170,1.19E-85,5.801436234,2.21E-19
77.37631418,0,0,8.65E-64,0,3.79E-163,4.16E-91,4.059435329,5.31E-22
78.36369793,0,0,1.65E-68,0,8.50E-156,9.80E-97,1.923067763,8.65E-25
79.36368148,0,0,2.14E-73,0,1.29E-148,1.56E-102,0.616768813,9.53E-28
80.37642563,0,0,1.88E-78,0,1.33E-141,1.69E-108,0.133921122,7.11E-31
81.40209321,0,0,1.12E-83,0,9.26E-135,1.24E-114,0.019686776,3.59E-34
82.44084912,0,0,4.49E-89,0,4.37E-128,6.12E-121,0.001959291,1.23E-37
83.4928604,0,0,1.22E-94,0,1.39E-121,2.05E-127,0.000132015,2.85E-41
84.55829617,0,0,2.25E-100,0,3.01E-115,4.66E-134,6.02E-06,4.46E-45
85.63732777,0,0,2.81E-106,0,4.41E-109,7.16E-141,1.86E-07,4.73E-49
86.73012867,0,0,2.38E-112,0,4.37E-103,7.45E-148,3.89E-09,3.40E-53
87.83687458,0,0,1.36E-118,0,2.93E-97,5.25E-155,5.50E-11,1.65E-57
88.95774346,0,0,5.26E-125,0,1.33E-91,2.50E-162,5.27E-13,5.45E-62
90.09291553,0,0,1.38E-131,0,4.09E-86,8.08E-170,3.42E-15,1.21E-66
91.2425733,0,0,2.45E-138,0,8.52E-81,1.77E-177,1.50E-17,1.83E-71
92.40690162,0,0,2.94E-145,0,1.20E-75,2.61E-185,4.47E-20,1.87E-76
93.58608771,0,0,2.39E-152,0,1.15E-70,2.62E-193,9.00E-23,1.30E-81
94.78032115,0,0,1.32E-159,0,7.40E-66,1.78E-201,1.23E-25,6.07E-87
95.98979397,0,0,4.91E-167,0,3.23E-61,8.16E-210,1.13E-28,1.93E-92
97.21470063,0,0,1.24E-174,0,9.58E-57,2.54E-218,1.40E-28,4.13E-98
98.45523809,0,0,2.12E-182,0,1.92E-52,5.34E-227,1.41E-25,6.01E-104
99.71160579,0,0,2.45E-190,0,2.60E-48,7.61E-236,9.62E-23,5.91E-110
100.9840058,0,0,1.92E-198,0,2.39E-44,7.34E-245,4.45E-20,3.94E-116
102.2726426,0,0,1.02E-206,0,1.49E-40,4.79E-254,1.39E-17,1.78E-122
103.5777234,0,0,3.66E-215,0,6.27E-37,2.12E-263,2.95E-15,5.42E-129
104.8994581,0,0,8.89E-224,0,1.79E-33,6.35E-273,4.24E-13,1.12E-135
106.2380592,0,0,1.46E-232,0,3.45E-30,1.29E-282,4.12E-11,1.57E-142
107.593742,0,0,1.63E-241,0,4.51E-27,1.77E-292,2.71E-09,1.49E-149
108.9667243,0,0,1.23E-250,0,3.99E-24,1.64E-302,1.21E-07,9.54E-157
110.357227,0,0,6.28E-260,0,2.39E-21,1.03127099476e-312,3.64E-06,4.14E-164
111.7654736,0,0,2.17E-269,0,9.68E-19,4e-323,7.42E-05,1.22E-171
113.1916906,0,0,5.08E-279,0,2.66E-16,0,0.001025504,2.42E-179
114.6361072,0,0,8.05E-289,0,4.94E-14,0,0.009594579,3.27E-187
116.0989558,0,0,8.63E-299,0,6.21E-12,0,0.060773392,2.98E-195
117.5804714,0,0,0.00E+00,0,5.29E-10,0,0.260615278,1.84E-203
119.0808924,0,0,3.08366e-319,0,3.05E-08,0,0.756632722,7.70E-212
120.60046,0,0,0,0,1.19E-06,0,1.487199476,8.18E-218
122.1394185,0,0,0,0,3.15E-05,0,1.979029123,2.65E-209
123.6980153,0,0,0,0,0.00056386,0,1.782928813,5.82E-201
125.2765011,0,0,0,0,0.006831636,0,1.087463473,8.65E-193
126.8751296,0,0,0,0,0.056037267,0,0.449049493,8.71E-185
128.4941579,0,0,0,0,0.311191713,0,0.125537246,5.94E-177
130.1338463,0,0,0,7.6e-322,1.169978701,0,0.023760186,2.74E-169
131.7944584,0,0,0,1.705342748637e-311,2.978014067,0,0.00304457,8.56E-162
133.4762612,0,0,0,2.59E-301,5.131855165,0,0.00026412,1.81E-154
135.1795252,0,0,0,2.66E-291,5.987160406,0,1.55E-05,2.59E-147
136.9045243,0,0,0,1.85E-281,4.728966673,0,6.17E-07,2.51E-140
138.6515357,0,0,0,8.72E-272,2.528776633,0,1.66E-08,1.65E-133
140.4208403,0,0,0,2.78E-262,0.915489869,0,3.03E-10,7.33E-127
142.2127227,0,0,0,6.01E-253,0.224385853,0,3.73E-12,2.21E-120
144.027471,0,0,0,8.78E-244,0.037233706,0,3.12E-14,4.49E-114
145.8653769,0,0,0,8.69E-235,0.004182885,0,1.76E-16,6.19E-108
147.7267359,0,0,0,5.82E-226,0.000318137,0,6.75E-19,5.78E-102
149.6118474,0,0,0,2.64E-217,1.64E-05,0,1.75E-21,3.66E-96
151.5210144,0,0,0,8.11E-209,5.71E-07,0,3.07E-24,1.56E-90
153.454544,0,0,0,1.69E-200,1.35E-08,0,3.65E-27,4.53E-85
155.4127469,0,0,0,2.37E-192,2.15E-10,0,2.94E-30,8.89E-80
157.395938,0,0,0,2.26E-184,2.33E-12,0,1.60E-33,1.18E-74
159.4044362,0,0,0,1.46E-176,1.81E-14,0,5.90E-37,1.06E-69
161.4385645,0,0,0,6.38E-169,1.63E-13,3.2165984645e-314,1.47E-40,6.46E-65
163.4986499,0,0,0,1.89E-161,1.71E-11,5.51E-304,2.49E-44,2.66E-60
165.5850237,0,0,0,3.78E-154,1.22E-09,6.40E-294,2.85E-48,7.42E-56
167.6980212,0,0,0,5.12E-147,5.86E-08,5.03E-284,2.20E-52,1.40E-51
169.8379823,0,0,0,4.70E-140,1.91E-06,2.67E-274,1.16E-56,1.79E-47
172.005251,0,0,0,2.92E-133,4.21E-05,9.63E-265,4.10E-61,1.55E-43
174.2001758,0,0,0,1.23E-126,0.000628509,2.35E-255,9.86E-66,9.09E-40
176.4231096,0,0,0,3.49E-120,0.006353041,3.87E-246,1.60E-70,3.61E-36
178.6744098,0,0,0,6.74E-114,0.043476134,4.33E-237,1.77E-75,9.69E-33
180.9544384,0,0,0,8.79E-108,0.201427627,3.27E-228,1.32E-80,1.76E-29
183.263562,0,0,0,7.77E-102,0.631809289,1.68E-219,6.66E-86,2.17E-26
185.6021518,0,0,0,4.65E-96,1.341688924,5.81E-211,2.28E-91,1.81E-23
187.9705839,0,0,0,1.88E-90,1.928930229,1.36E-202,5.27E-97,1.02E-20
190.3692392,0,0,0,5.16E-85,1.877500496,2.17E-194,8.25E-103,3.90E-18
192.7985031,0,0,0,9.59E-80,1.237207257,2.33E-186,8.76E-109,1.01E-15
195.2587665,0,0,0,1.20E-74,0.551955053,1.70E-178,6.29E-115,1.77E-13
197.7504247,0,0,0,1.03E-69,0.166710834,8.38E-171,3.06E-121,2.09E-11
200.2738786,0,0,0,5.91E-65,0.03408967,2.80E-163,1.01E-127,1.68E-09
202.8295337,0,0,0,2.30E-60,0.004719333,6.33E-156,2.24E-134,9.13E-08
205.417801,0,0,0,6.08E-56,0.000442321,9.68E-149,3.38E-141,3.36E-06
208.0390967,0,0,0,1.09E-51,2.81E-05,1.00E-141,3.46E-148,8.36E-05
210.6938422,0,0,0,1.32E-47,1.21E-06,7.03E-135,2.39E-155,0.001410131
213.3824644,0,0,0,1.08E-43,3.51E-08,3.34E-128,1.12E-162,0.016097823
216.1053956,0,0,0,5.98E-40,6.90E-10,1.07E-121,3.55E-170,0.124415271
218.8630735,0,0,0,2.25E-36,9.20E-12,2.34E-115,7.61E-178,0.650997151
221.6559417,0,0,0,5.71E-33,8.31E-14,3.44E-109,1.11E-185,2.306127639
224.484449,0,0,0,9.83E-30,5.08E-16,3.44E-103,1.09E-193,5.530780854
227.3490504,0,0,0,1.15E-26,2.10E-18,2.32E-97,7.25E-202,8.980249799
230.2502064,0,0,0,9.04E-24,5.88E-21,1.06E-91,3.27E-210,9.871638448
233.1883835,0,0,0,4.83E-21,1.11E-23,3.29E-86,9.97E-219,7.346642739
236.1640541,0,0,0,1.75E-18,1.43E-26,6.89E-81,2.06E-227,3.70158271
239.1776966,0,0,0,4.27E-16,1.24E-29,9.77E-76,2.88E-236,1.262655432
242.2297956,0,0,0,7.08E-14,7.32E-33,9.39E-71,2.73E-245,0.291595691
245.3208418,0,0,0,7.95E-12,2.91E-36,6.11E-66,1.75E-254,0.045590695
248.4513322,0,0,0,6.04E-10,7.86E-40,2.69E-61,7.60E-264,0.004825809
251.6217703,0,0,0,3.11E-08,1.44E-43,8.01E-57,2.23E-273,0.00034583
254.8326656,0,0,0,1.08E-06,1.77E-47,1.62E-52,4.45E-283,1.68E-05
258.0845346,0,0,0,2.55E-05,1.48E-51,2.21E-48,5.99E-293,5.51E-07
261.3778999,0,0,0,0.0004069,8.41E-56,2.04E-44,5.46E-303,1.23E-08
264.7132913,0,0,0,0.004396787,3.23E-60,1.28E-40,3.3724923498e-313,1.85E-10
268.091245,0,0,0,0.03216489,8.38E-65,5.43E-37,0,1.88E-12
271.512304,0,0,0,0.159304314,1.47E-69,1.56E-33,0,1.30E-14
274.9770185,0,0,0,0.534160604,1.75E-74,3.03E-30,0,6.06E-17
278.4859455,0,0,0,1.21259292,1.41E-79,3.98E-27,0,1.92E-19
282.0396492,0,0,0,1.863618697,7.71E-85,3.55E-24,0,4.11E-22
285.6387011,0,0,0,1.93908991,2.85E-90,2.14E-21,0,5.95E-25
289.2836797,0,0,0,1.365959085,7.12E-96,8.74E-19,0,5.84E-28
292.9751712,0,0,0,0.651442805,1.20E-101,2.42E-16,0,3.88E-31
296.7137691,0,0,0,0.210336067,1.38E-107,4.52E-14,0,1.75E-34
300.5000744,0,0,0,0.045977999,1.07E-113,5.73E-12,0,5.32E-38
304.3346961,0,0,0,0.006804328,5.63E-120,4.91E-10,0,3.52E-41
308.2182506,0,0,0,0.000681741,2.00E-126,2.85E-08,0,1.11E-37
312.1513624,0,0,0,4.62E-05,4.82E-133,1.12E-06,0,3.44E-34
316.1346638,0,0,0,2.12E-06,7.86E-140,2.98E-05,0,7.20E-31
320.1687954,0,0,0,6.60E-08,8.67E-147,0.000537701,0,1.02E-27
324.2544056,0,0,0,1.39E-09,6.48E-154,0.006559673,0,9.82E-25
328.3921516,0,0,0,1.98E-11,3.28E-161,0.054177956,0,6.38E-22
332.5826985,0,0,0,1.91E-13,1.12E-168,0.3029437,0,2.81E-19
336.8267201,0,0,0,1.25E-15,2.60E-176,1.146832755,0,8.38E-17
341.1248989,0,0,0,5.52E-18,4.08E-184,2.939253936,0,1.69E-14
345.4779259,0,0,0,1.65E-20,4.34E-192,5.100032989,0,2.31E-12
349.8865009,0,0,0,3.35E-23,3.12E-200,5.991115866,0,2.14E-10
354.351333,0,0,0,4.60E-26,1.52E-208,4.76476306,0,1.34E-08
358.8731398,0,0,0,4.27E-29,5.02E-217,2.565510262,0,5.68E-07
363.4526486,0,0,0,2.69E-32,1.12E-225,0.93520121,0,1.63E-05
368.0905955,0,0,0,1.14E-35,1.69E-234,0.23079969,0,0.000316635
372.7877263,0,0,0,3.30E-39,1.73E-243,0.038562416,0,0.004165903
377.5447963,0,0,0,6.43E-43,1.20E-252,0.004362065,0,0.037107257
382.3625704,0,0,0,8.50E-47,5.63E-262,0.000334056,0,0.223772871
387.241823,0,0,0,7.60E-51,1.79E-271,1.73E-05,0,0.913597432
392.1833389,0,0,0,4.61E-55,3.84E-281,1.19E-06,0,2.525231297
397.1879125,0,0,0,1.89E-59,5.59E-291,1.47E-05,0,4.725484175
402.2563484,0,0,0,5.24E-64,5.51E-301,0.000251779,0,5.986738927
407.3894616,0,0,0,9.85E-69,3.675364523181e-311,0.002922877,0,5.134914101
412.5880775,0,0,0,1.25E-73,1.66e-321,0.022972129,0,2.981775232
417.8530318,0,0,0,1.08E-78,0,0.122233643,0,1.172237148
423.1851712,0,0,0,6.30E-84,0,0.440330865,0,0.312000229
428.585353,0,0,0,2.49E-89,0,1.07390622,0,0.056220306
434.0544454,0,0,0,6.65E-95,0,1.773178447,1.18009615e-316,0.006858519
439.5933278,0,0,0,1.20E-100,0,1.982153969,2.22E-306,0.000566456
445.2028908,0,0,0,1.47E-106,0,1.500103367,2.82E-296,3.17E-05
450.8840363,0,0,0,1.22E-112,0,0.768606127,2.43E-286,1.37E-06
456.6376778,0,0,0,6.86E-119,0,0.266615476,1.42E-276,4.89E-06
462.4647404,0,0,0,2.61E-125,0,0.062613175,5.59E-267,9.57E-05
468.3661609,0,0,0,6.72E-132,0,0.009955085,1.49E-257,0.001276247
474.3428883,0,0,0,1.17E-138,0,0.001071576,2.70E-248,0.011525753
480.3958835,0,0,0,1.38E-145,0,7.81E-05,3.31E-239,0.070469778
486.5261198,0,0,0,1.10E-152,0,3.85E-06,2.75E-230,0.291699279
492.7345828,0,0,0,5.96E-160,0,1.29E-07,1.54E-221,0.817460291
499.0222708,0,0,0,2.18E-167,0,2.91E-09,5.86E-213,1.550946554
505.3901947,0,0,0,5.41E-175,0,4.46E-11,1.51E-204,1.992167523
511.8393784,0,0,0,9.08E-183,0,4.62E-13,2.63E-196,1.732422183
518.3708589,0,0,0,1.03E-190,0,3.24E-15,3.10E-188,1.019953736
524.9856863,0,0,0,7.93E-199,0,1.54E-17,2.47E-180,0.406542606
531.6849242,0,0,0,4.13E-207,0,4.95E-20,1.34E-172,0.109706035
538.4696497,0,0,0,1.46E-215,0,1.08E-22,4.90E-165,0.020042589
545.3409537,0,0,0,3.48E-224,0,1.59E-25,1.21E-157,0.002478997
552.2999411,0,0,0,5.61E-233,0,1.59E-28,2.04E-150,0.000207585
559.3477308,0,0,0,6.14E-242,0,1.07E-31,2.31E-143,1.18E-05
566.4854559,0,0,0,4.55E-251,0,4.90E-35,1.78E-136,4.52E-07
573.7142641,0,0,0,2.28E-260,0,1.52E-38,9.25E-130,1.17E-08
581.0353177,0,0,0,7.74E-270,0,3.19E-42,3.26E-123,2.06E-10
588.4497938,0,0,0,1.78E-279,0,4.52E-46,7.78E-117,2.46E-12
595.9588845,0,0,0,2.77E-289,0,4.35E-50,1.26E-110,1.98E-14
603.5637972,0,0,0,2.92E-299,0,2.83E-54,1.37E-104,1.08E-16
611.2657548,0,0,0,0.00E+00,0,1.25E-58,1.02E-98,4.00E-19
619.0659954,0,0,0,1.00404e-319,0,3.71E-63,5.10E-93,1.00E-21
626.9657734,0,0,0,0,0,7.50E-68,1.73E-87,1.70E-24
634.9663589,0,0,0,0,0,1.03E-72,3.98E-82,1.94E-27
643.0690383,0,0,0,0,0,9.49E-78,6.19E-77,1.51E-30
651.2751143,0,0,0,0,0,5.94E-83,6.52E-72,7.94E-34
659.5859065,0,0,0,0,0,2.52E-88,4.65E-67,2.82E-37
668.002751,0,0,0,0,0,7.24E-94,2.24E-62,6.81E-41
676.5270012,0,0,0,0,0,1.41E-99,7.33E-58,1.11E-44
685.1600277,0,0,0,0,0,1.85E-105,1.62E-53,1.23E-48
693.9032184,0,0,0,0,0,1.65E-111,2.43E-49,9.17E-53
702.7579793,0,0,0,0,0,9.96E-118,2.46E-45,4.64E-57
711.7257341,0,0,0,0,0,4.07E-124,1.69E-41,1.59E-61
720.8079246,0,0,0,0,0,1.13E-130,7.86E-38,3.69E-66
730.0060111,0,0,0,0,0,2.11E-137,2.47E-34,5.79E-71
739.3214725,0,0,0,0,0,2.67E-144,5.27E-31,6.16E-76
748.7558068,0,0,0,0,0,2.29E-151,7.60E-28,4.44E-81
758.3105306,0,0,0,0,0,1.33E-158,7.42E-25,2.16E-86
767.9871804,0,0,0,0,0,5.24E-166,4.91E-22,7.13E-92
777.787312,0,0,0,0,0,1.39E-173,2.20E-19,1.59E-97
787.7125012,0,0,0,0,0,2.51E-181,6.65E-17,2.41E-103
797.7643437,0,0,0,0,0,3.07E-189,1.36E-14,2.47E-109
807.9444557,0,0,0,0,0,2.53E-197,1.90E-12,1.71E-115
818.2544742,0,0,0,0,0,1.42E-205,1.78E-10,8.03E-122
828.6960567,0,0,0,0,0,5.37E-214,1.13E-08,2.55E-128
839.2708822,0,0,0,0,0,1.38E-222,4.89E-07,5.49E-135
849.9806509,0,0,0,0,0,2.39E-231,1.43E-05,8.00E-142
860.8270849,0,0,0,0,0,2.81E-240,0.000281824,7.88E-149
871.8119281,0,0,0,0,0,2.23E-249,0.003768991,5.26E-156
882.9369466,0,0,0,0,0,1.20E-258,0.0341249,2.38E-163
894.2039293,0,0,0,0,0,4.39E-268,0.209178266,7.28E-171
905.6146877,0,0,0,0,0,1.08E-277,0.868081664,1.51E-178
917.1710566,0,0,0,0,0,1.81E-287,2.438953181,2.11E-186
928.8748939,0,0,0,0,0,2.05E-297,4.639222485,2.01E-194
940.7280817,0,0,0,0,0,1.57E-307,5.974283046,1.29E-202
952.7325255,0,0,0,0,0,8.14811e-318,5.208650834,5.61E-211
964.8901557,0,0,0,0,0,0,3.074422524,1.65E-219
977.202927,0,0,0,0,0,0,1.228572488,3.30E-228
989.6728191,0,0,0,0,8.1407246e-316,0,0.332386994,4.46E-237
1002.301837,0,0,0,0,1.46E-305,0,0.06098756,4.07E-246
1015.092011,0,0,0,0,1.76E-295,0,0.008965445,2.52E-255
1028.045399,0,0,0,0,1.44E-285,0,0.013207596,1.06E-264
1041.164081,0,0,0,0,8.01E-276,0,0.07561803,3.00E-274
1054.450169,0,0,0,0,3.01E-266,0,0.307588803,5.76E-284
1067.905798,0,0,0,0,7.65E-257,0,0.847456827,7.49E-294
1081.533131,0,0,0,0,1.32E-247,0,1.580758115,6.59E-304
1095.33436,0,0,0,0,1.54E-238,0,1.996237144,3.9285694364e-314
1109.311704,0,0,0,0,1.21E-229,0,1.706702015,0
1123.46741,0,0,0,0,6.48E-221,0,0.987875301,0
1137.803754,0,0,0,0,2.34E-212,0,0.387119822,0
1152.323042,0,0,0,0,5.74E-204,0,0.102704045,0
1167.027607,0,0,0,0,9.51E-196,0,0.018447119,0
1181.919814,0,0,0,0,1.07E-187,0,0.002243202,0
1197.002057,0,0,0,0,8.11E-180,0,0.000184675,0
1212.276762,0,0,0,0,4.17E-172,0,1.03E-05,0
1227.746385,0,0,0,0,1.45E-164,0,3.88E-07,6.591063e-318
1243.413412,0,0,0,0,3.43E-157,0,9.92E-09,1.30E-307
1259.280363,0,0,0,0,5.47E-150,0,1.72E-10,1.73E-297
1275.34979,0,0,0,0,5.91E-143,0,2.01E-12,1.56E-287
1291.624274,0,0,0,0,4.33E-136,0,1.59E-14,9.55E-278
1308.106435,0,0,0,0,2.14E-129,0,8.55E-17,3.95E-268
1324.798921,0,0,0,0,7.19E-123,0,3.11E-19,1.11E-258
1341.704416,0,0,0,0,1.63E-116,0,7.64E-22,2.10E-249
1358.825639,0,0,0,0,2.51E-110,0,1.27E-24,2.70E-240
1376.165343,0,0,0,0,2.61E-104,0,1.44E-27,2.34E-231
1393.726315,0,0,0,0,1.84E-98,0,1.10E-30,1.38E-222
1411.511379,0,0,0,0,8.78E-93,0,5.66E-34,5.50E-214
1429.523395,0,0,0,0,2.83E-87,0,1.98E-37,1.48E-205
1447.765259,0,0,0,0,6.20E-82,0,4.69E-41,2.71E-197
1466.239903,0,0,0,0,9.17E-77,0,7.52E-45,3.35E-189
1484.950299,0,0,0,0,9.19E-72,0,8.17E-49,2.80E-181
1503.899454,0,0,0,0,6.24E-67,0,6.00E-53,1.59E-173
1523.090416,0,0,0,0,2.86E-62,0,2.99E-57,6.09E-166
1542.52627,0,0,0,0,8.91E-58,0,1.01E-61,1.58E-158
1562.21014,0,0,0,0,1.88E-53,0,2.30E-66,2.78E-151
1582.145193,0,0,0,0,2.67E-49,0,3.55E-71,3.31E-144
1602.334633,0,0,0,0,2.58E-45,0,3.71E-76,2.67E-137
1622.781707,0,0,0,0,1.69E-41,0,2.62E-81,1.46E-130
1643.489701,0,0,0,0,7.46E-38,0,1.26E-86,5.39E-124
1664.461946,0,0,0,0,2.23E-34,0,4.08E-92,1.35E-117
1685.701814,0,0,0,0,4.53E-31,0,8.96E-98,2.28E-111
1707.212719,0,0,0,0,6.21E-28,0,1.33E-103,2.61E-105
1728.998121,0,0,0,0,5.77E-25,0,1.34E-109,2.03E-99
1751.061522,0,0,0,0,3.63E-22,0,9.14E-116,1.07E-93
1773.40647,0,0,0,0,1.55E-19,0,4.22E-122,3.79E-88
1796.036557,0,0,0,0,4.46E-17,0,1.32E-128,9.14E-83
1818.955422,0,0,0,0,8.71E-15,0,2.79E-135,1.49E-77
1842.16675,0,0,0,0,1.15E-12,0,3.99E-142,1.64E-72
1865.674274,0,0,0,0,1.03E-10,1.363021618e-314,3.87E-149,1.23E-67
1889.481772,0,0,0,0,6.24E-09,2.33E-304,2.54E-156,6.22E-63
1913.593073,0,0,0,0,2.56E-07,2.69E-294,1.13E-163,2.13E-58
1938.012053,0,0,0,0,7.10E-06,2.10E-284,3.39E-171,4.94E-54
1962.74264,0,0,0,0,0.000133498,1.11E-274,6.91E-179,7.76E-50
1987.788808,0,0,0,0,0.001698951,4.00E-265,9.53E-187,8.25E-46
2013.154585,0,0,0,0,0.014638128,9.71E-256,8.89E-195,5.94E-42
2038.84405,0,0,0,0,0.085386473,1.60E-246,5.62E-203,2.89E-38
2064.861334,0,0,0,0,0.337203028,1.78E-237,2.40E-211,9.54E-35
2091.210618,0,0,0,0,0.901556011,1.34E-228,6.97E-220,2.13E-31
2117.896141,0,0,0,0,1.631897274,6.83E-220,1.37E-228,3.22E-28
2144.922192,0,0,0,0,1.999824007,2.36E-211,1.81E-237,3.30E-25
2172.293118,0,0,0,0,1.659165065,5.51E-203,1.63E-246,2.29E-22
2200.013318,0,0,0,0,0.931936387,8.73E-195,9.92E-256,1.07E-19
2228.08725,0,0,0,0,0.354390278,9.36E-187,4.09E-265,3.41E-17
2256.519428,0,0,0,0,0.09123809,6.79E-179,1.14E-274,7.32E-15
2285.314424,0,0,0,0,0.015902647,3.33E-171,2.15E-284,1.07E-12
2314.476866,0,0,0,0,0.001876556,1.11E-163,2.75E-294,1.05E-10
2344.011445,0,0,0,0,0.000149918,2.50E-156,2.38E-304,7.01E-09
2373.922909,0,0,0,0,8.11E-06,3.81E-149,1.395724573e-314,3.17E-07
2404.216067,0,0,0,0,2.97E-07,3.93E-142,0,9.69E-06
2434.895789,0,0,0,0,7.36E-09,2.74E-135,0,0.000200637
2465.96701,0,0,0,0,1.24E-10,1.30E-128,0,0.002812734
2497.434724,0,0,0,0,1.40E-12,4.16E-122,0,0.026695944
2529.303992,0,0,0,0,1.08E-14,9.01E-116,0,0.171538162
2561.579937,0,0,0,0,5.62E-17,1.32E-109,0,0.74623445
2594.267749,0,0,0,0,1.98E-19,1.31E-103,0,2.197811973
2627.372684,0,0,0,0,4.73E-22,8.84E-98,0,4.382489774
2660.900064,0,0,0,0,7.65E-25,4.03E-92,0,5.91825937
2694.85528,0,0,0,0,8.37E-28,1.24E-86,0,5.426686896
2729.243792,0,0,0,0,6.20E-31,2.59E-81,0,3.455339683
2764.071129,0,0,0,0,3.11E-34,3.66E-76,0,1.80889608
2799.342891,0,0,0,0,1.06E-37,3.51E-71,0,1.419054691
2835.064748,0,0,0,0,2.43E-41,2.27E-66,0,1.810048131
2871.242445,0,0,0,0,3.78E-45,9.96E-62,0,2.001832694
2907.881799,0,0,0,0,3.98E-49,2.96E-57,0,1.550242684
2944.9887,0,0,0,0,2.84E-53,5.95E-53,0,0.815954831
2982.569115,0,0,0,0,1.37E-57,8.09E-49,0,0.29088664
3020.629086,0,0,0,0,4.48E-62,7.46E-45,0,0.070210499
3059.174733,0,0,0,0,9.92E-67,4.65E-41,0,0.011473123
3098.212253,0,0,0,0,1.49E-71,1.96E-37,0,0.001269289
3137.747923,0,0,0,0,1.51E-76,5.62E-34,0,9.51E-05
3177.7881,0,0,0,0,1.04E-81,1.09E-30,0,4.82E-06
3218.339222,0,0,0,0,4.82E-87,1.43E-27,0,1.65E-07
3259.407808,0,0,0,0,1.52E-92,1.26E-24,0,3.85E-09
3301.000463,0,0,0,0,3.23E-98,7.59E-22,0,6.05E-11
3343.123873,0,0,0,0,4.66E-104,3.09E-19,0,6.45E-13
3385.784811,0,0,0,0,4.56E-110,8.50E-17,0,4.65E-15
3428.990137,0,0,0,0,3.01E-116,1.59E-14,0,2.27E-17
3472.746798,0,0,0,0,1.35E-122,2.00E-12,0,7.51E-20
3517.061829,0,0,0,0,4.09E-129,1.71E-10,0,1.68E-22
3561.942356,0,0,0,0,8.39E-136,9.88E-09,0,2.55E-25
3607.395593,0,0,0,0,1.17E-142,3.87E-07,0,2.61E-28
3653.428851,0,0,0,0,1.10E-149,1.03E-05,0,1.81E-31
3700.049529,0,0,0,0,6.99E-157,0.000184179,0,8.53E-35
3747.265125,0,0,0,0,3.01E-164,0.002238054,0,2.71E-38
3795.08323,0,0,0,0,8.80E-172,0.018411947,0,5.85E-42
3843.511532,0,0,0,0,1.74E-179,0.102548139,0,8.53E-46
3892.557818,0,0,0,0,2.33E-187,0.386682678,0,8.43E-50
3942.229974,0,0,0,0,2.11E-195,0.987143997,0,5.64E-54
3992.535986,0,0,0,0,1.29E-203,1.706102648,0,2.55E-58
4043.483943,0,0,0,0,5.36E-212,1.996313124,0,7.82E-63
4095.082037,0,0,0,0,1.51E-220,1.581433824,0,1.62E-67
4147.338564,0,0,0,0,2.87E-229,0.848149171,9.895628835e-315,2.28E-72
4200.261927,0,0,0,0,3.70E-238,0.307958586,1.70E-304,2.17E-77
4253.860633,0,0,0,0,3.22E-247,0.075702679,1.97E-294,1.40E-82
4308.143302,0,0,0,0,1.90E-256,0.012598796,1.55E-284,6.09E-88
4363.118662,0,0,0,0,7.61E-266,0.001419534,8.27E-275,1.80E-93
4418.795551,0,0,0,0,2.06E-275,0.000108283,2.98E-265,3.59E-99
4475.182922,0,0,0,0,3.78E-285,5.59E-06,7.28E-256,4.86E-105
4532.289841,0,0,0,0,4.68E-295,1.96E-07,1.20E-246,4.45E-111
4590.12549,0,0,0,0,3.93E-305,4.63E-09,1.35E-237,2.76E-117
4648.699168,0,0,0,0,2.237002714e-315,7.42E-11,1.02E-228,1.16E-123
4708.020293,0,0,0,0,0,8.05E-13,5.23E-220,3.29E-130
4768.098403,0,0,0,0,0,5.91E-15,1.81E-211,6.34E-137
4828.943158,0,0,0,0,0,2.94E-17,4.26E-203,8.25E-144
4890.564341,0,0,0,0,0,9.90E-20,6.79E-195,7.28E-151
4952.971859,0,0,0,0,0,2.26E-22,7.31E-187,4.35E-158
5016.175748,0,0,0,0,0,3.48E-25,5.33E-179,1.76E-165
5080.186169,0,0,0,0,0,3.64E-28,2.63E-171,4.81E-173
5145.013413,0,0,0,0,0,2.57E-31,8.80E-164,8.91E-181
5210.667906,0,0,0,0,0,1.23E-34,1.99E-156,1.12E-188
5277.160202,0,0,0,0,0,3.99E-38,3.05E-149,9.49E-197
5344.500994,0,0,0,0,0,8.76E-42,3.17E-142,5.46E-205
5412.701107,0,0,0,0,0,1.30E-45,2.22E-135,2.12E-213
5481.771509,0,0,0,0,0,1.31E-49,1.06E-128,5.60E-222
5551.723305,0,0,0,0,0,8.92E-54,3.41E-122,9.99E-231
5622.567741,0,0,0,0,0,4.11E-58,7.42E-116,1.21E-239
5694.31621,0,0,0,0,0,1.28E-62,1.10E-109,9.86E-249
5766.980246,0,0,0,0,0,2.71E-67,1.09E-103,5.46E-258
5840.571533,0,0,0,0,0,3.88E-72,7.40E-98,2.05E-267
5915.101904,0,0,0,0,0,3.76E-77,3.39E-92,5.19E-277
5990.583343,0,0,0,0,0,2.47E-82,1.05E-86,8.92E-287
6067.027985,0,0,0,0,0,1.10E-87,2.20E-81,1.04E-296
6144.448122,0,0,0,0,0,3.29E-93,3.13E-76,8.17E-307
6222.856202,0,0,0,0,0,6.70E-99,3.01E-71,4.3564475e-317
6302.264832,0,0,0,0,0,9.23E-105,1.96E-66,0
6382.686779,0,0,0,0,0,8.61E-111,8.65E-62,0
6464.134975,0,0,0,0,0,5.44E-117,2.58E-57,0
6546.622516,0,0,0,0,0,2.33E-123,5.22E-53,0
6630.162663,0,0,0,0,0,6.73E-130,7.14E-49,0
6714.76885,0,0,0,0,0,1.32E-136,6.61E-45,0
6800.454679,0,0,0,0,0,1.75E-143,4.15E-41,0
6887.233928,0,0,0,0,0,1.57E-150,1.76E-37,0
6975.12055,0,0,0,0,0,9.56E-158,5.06E-34,0
7064.128675,0,0,0,0,0,3.93E-165,9.84E-31,0
7154.272616,0,0,0,0,0,1.10E-172,1.30E-27,0
7245.566865,0,0,0,0,0,2.07E-180,1.16E-24,0
7338.026102,0,0,0,0,0,2.64E-188,6.99E-22,0
7431.665193,0,0,0,0,0,2.29E-196,2.86E-19,0
7526.499194,0,0,0,0,0,1.34E-204,7.90E-17,0
7622.543353,0,0,0,0,0,5.31E-213,1.48E-14,0
7719.813112,0,0,0,0,0,1.42E-221,1.88E-12,0
7818.324111,0,0,0,0,0,2.59E-230,1.61E-10,0
7918.09219,0,0,0,0,0,3.18E-239,9.38E-09,0
8019.133389,0,0,0,0,0,2.65E-248,3.69E-07,0
8121.463954,0,0,0,0,0,1.50E-257,9.84E-06,0
8225.10034,0,0,0,0,0,5.71E-267,0.000177609,0
8330.059209,0,0,0,0,0,1.48E-276,0.002169596,0
8436.357437,0,0,0,0,0,2.58E-286,0.017942838,0
8544.012115,0,0,0,0,0,3.06E-296,0.100462103,0
8653.040554,0,0,0,0,0,2.45E-306,0.380813423,0
8763.460283,0,0,0,0,0,1.3313756e-316,0.977284677,0
8875.289056,0,0,0,0,0,0,1.697965208,0
8988.544854,0,0,0,0,0,0,1.997263391,0
9103.245886,0,0,0,0,0,0,1.590525927,0
9219.410596,0,0,0,0,0,0,0.857521507,2.32345733e-316
9337.05766,0,0,0,0,0,0,0.313002745,4.24E-306
9456.205995,0,0,0,0,0,0,0.077348185,5.24E-296
9576.874758,0,0,0,0,0,0,0.012940497,4.38E-286
9699.083351,0,0,0,0,0,0,0.001465719,2.48E-276
9822.851424,0,0,0,0,0,0,0.000112396,9.52E-267
9948.198877,0,0,0,0,0,0,5.84E-06,2.47E-257
10075.14586,0,0,0,0,0,0,2.05E-07,4.34E-248
10203.7128,0,0,0,0,0,0,4.88E-09,5.17E-239
10333.92034,0,0,0,0,0,0,7.86E-11,4.16E-230
10465.78945,0,0,0,0,0,0,8.57E-13,2.27E-221
10599.3413,0,0,0,0,0,0,6.33E-15,8.38E-213
10734.59739,0,0,0,0,0,0,3.17E-17,2.09E-204
10871.57945,0,0,0,0,0,0,1.07E-19,3.54E-196
11010.30951,0,0,0,0,0,0,2.45E-22,4.06E-188
11150.80988,0,0,0,0,0,0,3.81E-25,3.15E-180
11293.10315,0,0,0,0,0,0,4.00E-28,1.65E-172
11437.21219,0,0,0,0,0,0,2.84E-31,5.88E-165
11583.16018,0,0,0,0,0,0,1.37E-34,1.42E-157
11730.97058,0,0,0,0,0,0,4.46E-38,2.31E-150
11880.66716,0,0,0,0,0,0,9.84E-42,2.54E-143
12032.27399,0,0,0,0,0,0,1.47E-45,1.90E-136
12185.81545,0,0,0,0,0,0,1.49E-49,9.61E-130
12341.31621,0,0,0,0,0,0,1.02E-53,3.29E-123
12498.80129,0,0,0,0,0,0,4.72E-58,7.63E-117
12658.29601,0,0,0,0,0,0,1.48E-62,1.20E-110
12819.82601,0,0,0,0,0,0,3.15E-67,1.27E-104
12983.41725,0,0,0,0,0,0,4.53E-72,9.14E-99
13149.09606,0,0,0,0,0,0,4.41E-77,4.45E-93
13316.88906,0,0,0,0,0,0,2.91E-82,1.47E-87
13486.82323,0,0,0,0,0,0,1.30E-87,3.28E-82
13658.9259,0,0,0,0,0,0,3.92E-93,4.95E-77
13833.22473,0,0,0,0,0,0,8.02E-99,5.06E-72
14009.74776,0,0,0,0,0,0,1.11E-104,3.51E-67
14188.52336,0,0,0,0,0,0,1.04E-110,1.64E-62
14369.58029,0,0,0,0,0,0,6.61E-117,5.22E-58
14552.94764,0,0,0,0,0,0,2.84E-123,1.12E-53
14738.65491,0,0,0,0,0,0,8.27E-130,1.63E-49
14926.73196,0,0,0,0,0,0,1.63E-136,1.61E-45
15117.20901,0,0,0,0,0,0,2.17E-143,1.07E-41
15310.11671,0,0,0,0,0,0,1.96E-150,4.84E-38
15505.48606,0,0,0,0,0,0,1.20E-157,1.48E-34
15703.34848,0,0,0,0,0,0,4.96E-165,3.06E-31
15903.73579,0,0,0,0,0,0,1.39E-172,4.29E-28
16106.6802,0,0,0,0,0,0,2.64E-180,4.07E-25
16312.21434,0,0,0,0,0,0,3.39E-188,2.61E-22
16520.37126,0,0,0,0,0,0,2.94E-196,1.14E-19
16731.18443,0,0,0,0,0,0,1.73E-204,3.34E-17
16944.68775,0,0,0,0,0,0,6.91E-213,6.66E-15
17160.91554,0,0,0,0,0,0,1.86E-221,8.98E-13
17379.90256,0,0,0,0,0,0,3.40E-230,8.21E-11
17601.68404,0,0,0,0,0,0,4.21E-239,5.07E-09
17826.29563,0,0,0,0,0,0,3.52E-248,2.12E-07
18053.77344,0,0,0,0,0,0,2.00E-257,6.02E-06
18284.15405,0,0,0,0,0,0,7.67E-267,0.000115508
18517.47451,0,0,0,0,0,0,1.99E-276,0.001500507
18753.77231,0,0,0,0,0,0,3.50E-286,0.013196615
18993.08547,0,0,0,0,0,0,4.17E-296,0.078575258
19235.45245,0,0,0,0,0,0,3.36E-306,0.316743671
19480.91224,0,0,0,0,0,0,1.83557996e-316,0.864428211
19729.50428,0,0,0,0,0,0,0,1.597161285
19981.26856,0,0,0,0,0,0,0,1.997871141
20236.24555,0,0,0,0,0,0,0,1.691940279
20494.47626,0,0,0,0,0,0,0,0.970066355
20756.00219,0,0,0,0,0,0,0,0.37654485
21020.8654,0,0,0,0,0,0,0,0.098953427
21289.10848,0,0,0,0,0,0,0,0.017605316
21560.77456,0,0,0,0,0,0,0,0.002120585
21835.90732,0,0,0,0,0,0,0,0.000172928
22114.55098,0,0,0,0,0,0,0,9.55E-06
22396.75037,0,0,0,0,0,0,0,3.57E-07
22682.55085,0,0,0,0,0,0,0,9.03E-09
22971.99836,0,0,0,0,0,0,0,1.55E-10
23265.13946,0,0,0,0,0,0,0,1.79E-12
23562.02128,0,0,0,0,0,0,0,1.41E-14
23862.69155,0,0,0,0,0,0,0,7.49E-17
24167.1986,0,0,0,0,0,0,0,2.70E-19
24475.59142,0,0,0,0,0,0,0,6.57E-22
24787.91957,0,0,0,0,0,0,0,1.08E-24
25104.23328,0,0,0,0,0,0,0,1.21E-27
25424.5834,0,0,0,0,0,0,0,9.15E-31
25749.02145,0,0,0,0,0,0,0,4.68E-34
26077.59959,0,0,0,0,0,0,0,1.62E-37
